rep,method,test_ce
0,random_forest,0.4010053826515189
1,random_forest,0.3781569823202934
2,random_forest,0.37215148681725735
3,random_forest,0.3890242354583085
4,random_forest,0.3949108325071612
