rep,method,test_ce
0,xgboost,0.39929518
1,xgboost,0.37594607
2,xgboost,0.37771723
3,xgboost,0.3874866
4,xgboost,0.39766544
