rep,method,test_ce
0,labrador,0.420328707
1,labrador,0.403354824
2,labrador,0.370604366
3,labrador,0.387970835
4,"labrador
",0.407313824
