rep,test_ce,method
0,0.403742909,bert194M
1,0.403713793,bert194M
2,0.423791856,bert194M
3,0.36787796,bert194M
4,0.398329735,"bert194M
"
