rep,method,test_ce
0,bert68M,0.43128252
1,bert68M,0.368217826
2,bert68M,0.403484404
3,bert68M,0.411632478
4,"bert68M
",0.413005501
