rep,method,test_mse
0,bert194M,12.41176769796086
1,bert194M,7.421001155329562
2,bert194M,6.572757331920948
3,bert194M,9.654733606399574
4,bert,7.354015648355882
