rep,test_mse,method
4,5.328692429,labrador
3,9.14892586,labrador
2,6.588162718,labrador
1,5.384452369,labrador
0,9.12110441,labrador
