rep,test_mse,method
0,12.70531127,bert68M
1,5.795630085,bert68M
2,7.096798415,bert68M
3,9.137092004,bert68M
4,6.950748365,"bert68M
"
