rep,method,test_ce
0,bert194M_ablation,0.4353809058666229
1,bert194M_ablation,0.45832300186157227
2,bert194M_ablation,0.48578113317489624
3,bert194M_ablation,0.48330777883529663
4,"bert194M_ablation
",0.48896729946136475
