rep,test_ce,method
0,0.368631154,labrador
1,0.428492278,labrador
2,0.398527533,labrador
3,0.487434715,labrador
4,0.442018241,"labrador
"
