rep,test_ce,method
0,0.404541284,bert68M
1,0.449457943,bert68M
2,0.44906044,bert68M
3,0.513153195,bert68M
4,0.390668333,"bert68M
"
