rep,method,test_ce
0,bert194M,0.40039706230163574
1,bert194M,0.4839679002761841
2,bert194M,0.5443084239959717
3,bert194M,0.5093259811401367
4,"bert194M
",0.4798280894756317
