rep,method,test_ce
0,logistic_regression,1.2047315282233129
1,logistic_regression,1.1450199116385957
2,logistic_regression,1.2724519648330572
3,logistic_regression,1.1628887980173945
4,logistic_regression,1.099597912085637
