rep,method,test_ce
0,random_forest,0.987430552861776
1,random_forest,0.9382757143513091
2,random_forest,0.9238365983754494
3,random_forest,0.9595168259602566
4,random_forest,0.9017219154007767
