rep,test_ce,method
0,0.905326724,labrador
1,0.913651943,labrador
2,1.163398743,labrador
3,1.019606352,labrador
4,0.8885566,labrador
