rep,method,test_ce
0,xgboost,0.8777568
1,xgboost,0.9885442
2,xgboost,0.9737447
3,xgboost,0.90140647
4,xgboost,0.8473606
