rep,test_ce,method
0,0.985633671,bert68M
1,1.127436876,bert68M
2,1.068359733,bert68M
3,1.009134531,"bert68M
"
4,0.858720779,bert68M
