rep,method,test_ce
0,bert194M,0.9993816018104552
1,bert194M,1.2043287754058838
2,bert194M,1.1875996589660645
3,bert194M,1.0271252393722534
4,bert194M,0.9782035946846008
